{"cameraMode":{"drawMode":0,"name":"Shaded","section":"Shading Mode"},"sceneLighting":false,"audioPlay":false,"sceneViewState":{"m_AlwaysRefresh":false,"showFog":true,"showSkybox":true,"showFlares":true,"showImageEffects":true,"showParticleSystems":true,"showVisualEffectGraphs":true,"m_FxEnabled":true},"in2DMode":false,"pivot":{"x":33.83321762084961,"y":40.311607360839847,"z":-24.769180297851564},"rotation":{"x":-0.26454877853393557,"y":0.023529568687081338,"z":-0.006497388239949942,"w":-0.9640986919403076},"size":139.09011840820313,"orthographic":false}