{"cameraMode":{"drawMode":0,"name":"Shaded","section":"Shading Mode"},"sceneLighting":true,"audioPlay":false,"sceneViewState":{"m_AlwaysRefresh":false,"showFog":true,"showSkybox":true,"showFlares":true,"showImageEffects":true,"showParticleSystems":true,"showVisualEffectGraphs":true,"m_FxEnabled":true},"in2DMode":false,"pivot":{"x":-3.051210403442383,"y":40.43950271606445,"z":43.791873931884769},"rotation":{"x":0.0071616750210523609,"y":-0.8010427951812744,"z":-0.009628363884985447,"w":-0.5985270738601685},"size":3.578217029571533,"orthographic":false}