{"cameraMode":{"drawMode":0,"name":"Shaded","section":"Shading Mode"},"sceneLighting":false,"audioPlay":false,"sceneViewState":{"m_AlwaysRefresh":false,"showFog":true,"showSkybox":true,"showFlares":true,"showImageEffects":true,"showParticleSystems":true,"showVisualEffectGraphs":true,"m_FxEnabled":true},"in2DMode":false,"pivot":{"x":63.906917572021487,"y":144.1763916015625,"z":-55.758670806884769},"rotation":{"x":0.6122051477432251,"y":-0.12193532288074494,"z":0.09628637135028839,"w":0.7752858996391296},"size":13.327998161315918,"orthographic":false}