{"cameraMode":{"drawMode":0,"name":"Shaded","section":"Shading Mode"},"sceneLighting":false,"audioPlay":false,"sceneViewState":{"m_AlwaysRefresh":false,"showFog":true,"showSkybox":true,"showFlares":true,"showImageEffects":true,"showParticleSystems":true,"showVisualEffectGraphs":true,"m_FxEnabled":true},"in2DMode":false,"pivot":{"x":13.880730628967286,"y":-6.336898326873779,"z":-43.730377197265628},"rotation":{"x":-0.002575979335233569,"y":-0.8688521385192871,"z":0.4950498342514038,"w":-0.004522094503045082},"size":15.35129165649414,"orthographic":false}